{
  "bodyDims": {
    "heightCm": 166.0,
    "inseamCm": 90.0,
    "armLengthCm": 57.0,
    "shoulderWidthCm": 38.0,
    "standingHeight": 0.542,
    "torsoLength": 0.458,
    "upperArmLen": 0.189,
    "forearmLen": 0.155,
    "shoulderSpread": 0.229,
    "scale": 1.66
  },
  "dynamicRanges": {
    "body_ref_gravity": [
      0.08479855582118034,
      -0.9321746528148651,
      0.3517787307500839
    ],
    "board_ref_gravity": [
      0.01742688938975334,
      -0.023963168263435364,
      -0.9995601177215576
    ],
    "maxSquatTiltDeg": 50.0,
    "minHeight": 0.244,
    "maxLeanDeg": 15.6,
    "maxTorsoRotDeg": 60.0
  },
  "freeSkateRanges": {},
  "timestamp": "2026-02-07T14:41:49.305675"
}